Max,Min,Mean,Std,RMS,Skewness,Kurtosis,Crest Factor,Form Factor,Fault
0.315,-0.598,-0.11717568359375,0.0936887871720052,0.1500243349400981,-0.0665192456702564,0.2377379349138944,2.099659366100663,-1.2803367587786807,Inner Race
0.388,-0.627,-0.117638720703125,0.0933962531124154,0.1502042036136243,-0.0510364488154321,0.2894134217479731,2.5831500761327977,-1.2768262245275697,Inner Race
0.376,-0.725,-0.118024462890625,0.093985185199939,0.1508726534808723,-0.0581573627811728,0.371994423430996,2.492168006097072,-1.2783167979394936,Inner Race
0.332,-0.757,-0.11713369140625,0.0927838341655567,0.149427979948222,-0.0400690136656991,0.2396648029862138,2.2218061176698,-1.275704523218406,Inner Race
0.291,-0.625,-0.117235107421875,0.0941539624697261,0.1503615848585398,-0.0662749702178182,0.3075527484398894,1.9353347483918368,-1.2825644823052702,Inner Race
0.288,-0.566,-0.117193408203125,0.0932252731599391,0.1497491973906392,-0.0605817082123739,0.2338948228883817,1.9232156500225943,-1.277795395548929,Inner Race
0.361,-0.769,-0.117047802734375,0.0940378386785413,0.1501428367773397,-0.0540705777665354,0.4021023925399771,2.404377110147181,-1.282748016364473,Inner Race
0.281,-0.688,-0.11685087890625,0.094565057264206,0.1503204620422441,-0.0600525158197983,0.3622927901797439,1.8693396506526927,-1.2864298792553106,Inner Race
0.261,-0.74,-0.116437255859375,0.0940049196421577,0.1496466771382366,-0.0583997198461437,0.3312879886463746,1.7441082220549438,-1.2852130190956206,Inner Race
0.273,-0.737,-0.116087890625,0.0932762541209436,0.1489175379378424,-0.0314839836574726,0.2758645794772114,1.833229341422157,-1.2827999297436838,Inner Race
0.325,-0.71,-0.1180837890625,0.0935882680421592,0.1506722186750721,-0.0571620467935557,0.2870790277817887,2.157000161395841,-1.275977167325851,Inner Race
0.303,-0.662,-0.1177666503906249,0.0943013227932229,0.1508684500118708,-0.0787510378743511,0.3669842988213374,2.0083721942934982,-1.281079571435964,Inner Race
0.281,-0.764,-0.117586181640625,0.0942563824500503,0.1506995087694694,-0.0845864758474035,0.3788931250171043,1.864637796728695,-1.281609000877736,Inner Race
0.264,-0.627,-0.11768076171875,0.0937076503158989,0.1504309032101616,-0.0984837285714468,0.2937348658411807,1.754958551509693,-1.2782964778022297,Inner Race
0.366,-0.669,-0.117975146484375,0.0946899062524047,0.1512741740430992,-0.1043088832451184,0.3979033098652484,2.4194480142772,-1.2822545981168536,Inner Race
0.354,-0.645,-0.1180702636718749,0.0940581707968837,0.1509539488643287,-0.0679931510802967,0.4062607873482715,2.3450860521586008,-1.2785094584343413,Inner Race
0.31,-0.693,-0.118332958984375,0.0959351241818856,0.1523344604539526,-0.0897155740715743,0.3483896510953439,2.0349958839005184,-1.2873375411331285,Inner Race
0.315,-0.618,-0.116848828125,0.0945455218636591,0.1503065796001417,-0.0707516158353031,0.2827337148963567,2.0957166402029075,-1.2863336501702016,Inner Race
0.322,-0.532,-0.117311865234375,0.0929313862311359,0.1496592615913834,-0.0436038435355126,0.2113613588365801,2.15155411416609,-1.275738488109299,Inner Race
0.388,-0.737,-0.118067724609375,0.0956671116582813,0.1519596557079892,-0.0765801343848138,0.5881013729947764,2.5533092858909456,-1.2870550034799526,Inner Race
0.269,-0.671,-0.1172342773437499,0.095024098381781,0.1509073032035105,-0.0793244659311424,0.4101766194509215,1.7825512370148986,-1.287228501959591,Inner Race
0.432,-0.732,-0.1181517578125,0.0943367393876676,0.1511913480675027,-0.0532849004652256,0.4990405219426606,2.8573063572865567,-1.2796368912888678,Inner Race
0.295,-0.696,-0.1166873046875,0.0926872551482578,0.1490182366802172,-0.0890102709116669,0.3527321642072429,1.9796234781186504,-1.2770732607056323,Inner Race
0.41,-0.681,-0.1175331542968749,0.0946764672619722,0.1509212978169934,-0.0320632394858097,0.470341046575236,2.716647722557782,-1.2840742573434547,Inner Race
0.352,-0.769,-0.1176474609375,0.0931178215555065,0.1500380963991937,-0.0807577997555415,0.5221349062654892,2.346070820996444,-1.275319460391085,Inner Race
0.264,-0.642,-0.118209912109375,0.0929901455829485,0.1504005594121391,-0.0675088685406627,0.1594891930552648,1.7553126200585931,-1.2723176654845945,Inner Race
0.349,-0.667,-0.118037841796875,0.0933640400289963,0.150497011397081,-0.0663537403638005,0.1821784525632077,2.3189829270375077,-1.2749895212084887,Inner Race
0.393,-0.718,-0.1172613281249999,0.0949685398143213,0.1508933472559136,-0.089854533830153,0.4368066626629776,2.6044885818158425,-1.2868125380181787,Inner Race
0.293,-0.776,-0.1177978515625,0.0956246408228041,0.1517232983998955,-0.0858286881244306,0.4593189273569296,1.9311470492009928,-1.2879971611315484,Inner Race
0.266,-0.703,-0.11715107421875,0.0934237172546113,0.1498397109075019,-0.0563786392222754,0.2930680733586426,1.7752303337277884,-1.279029764829251,Inner Race
0.393,-0.627,-0.11726416015625,0.0918801069072787,0.1489712223808889,-0.0531479083947714,0.2900882018695019,2.6380934097135857,-1.270390050825337,Inner Race
0.369,-0.735,-0.117283447265625,0.0945124816590184,0.1506239689733904,-0.069595094104242,0.2740659744343188,2.449809300040344,-1.2842730366908075,Inner Race
0.273,-0.818,-0.11763671875,0.0945809153461067,0.1509420761469859,-0.0586691821942598,0.4736053584191531,1.808640817515689,-1.2831204215051768,Inner Race
0.378,-0.71,-0.11646513671875,0.0943612487790254,0.1498924233382686,-0.0630519150856256,0.2983308810520806,2.5218085849939937,-1.287015389852173,Inner Race
0.312,-0.576,-0.117669580078125,0.0941064881259377,0.1506709287147511,-0.0399045068277364,0.1798709656185875,2.0707378832891883,-1.2804577751931756,Inner Race
0.266,-0.72,-0.11790595703125,0.0939668010462954,0.1507685088528726,-0.0800662451712942,0.2919552270702246,1.7642941621156172,-1.2787183332298702,Inner Race
0.332,-0.75,-0.117679296875,0.0926728673658669,0.1497873756701687,-0.07476812235015,0.4705037255130402,2.216475176993973,-1.2728439041344224,Inner Race
0.332,-0.664,-0.1176628906249999,0.0937102270329272,0.1504185284178988,-0.0521904141921524,0.239100631343033,2.20717489721495,-1.2783854588214516,Inner Race
0.31,-0.637,-0.11722001953125,0.0937460933878801,0.1500947496973786,-0.0708055821360195,0.3551062462161227,2.0653620504716037,-1.2804532049865809,Inner Race
0.295,-0.706,-0.1191251953125,0.0927572223070135,0.1509777941815865,-0.0323715740644628,0.2340523422031735,1.953929725885336,-1.2673875898841374,Inner Race
0.3,-0.688,-0.11752470703125,0.09304201953002,0.1498948013269431,-0.0989124163321825,0.3513963221384126,2.0014036333765493,-1.27543224836192,Inner Race
0.295,-0.664,-0.11826337890625,0.0934568645066963,0.1507315024798855,-0.0719360097299065,0.2804015481376596,1.957122400736146,-1.2745408077624245,Inner Race
0.41,-0.647,-0.117571923828125,0.0931888388086778,0.1500229746402926,-0.049706406692468,0.3098056804214355,2.7329147484446943,-1.2760102051201174,Inner Race
0.295,-0.613,-0.117424609375,0.0944088273976739,0.1506689429547235,-0.0508678205073502,0.3161359829472805,1.957935021078951,-1.283112149630888,Inner Race
0.4,-0.659,-0.1181583496093749,0.0952858499795194,0.1517904656392633,-0.0988963213125029,0.2792580364984989,2.635211627524864,-1.284635966405034,Inner Race
0.271,-0.732,-0.118059765625,0.0937059692580327,0.150726534437682,-0.0674504806275971,0.3235142771636501,1.797958143275994,-1.2766968800907446,Inner Race
0.337,-0.83,-0.117557080078125,0.0956017861362764,0.1515220192396244,-0.0866931780255937,0.5760794485715635,2.22409918829719,-1.2889229567366538,Inner Race
0.291,-0.625,-0.1149845703125,0.0946415859581629,0.1489229460078474,-0.1056129801493047,0.3331411210375385,1.954030643368187,-1.295155911815918,Inner Race
0.415,-0.657,-0.11747294921875,0.0934978381840898,0.1501376458297934,-0.0628240624752261,0.3312861563168199,2.764130193372507,-1.2780614331067617,Inner Race
0.271,-0.588,-0.11752275390625,0.0936710390549222,0.1502845062290188,-0.0559716815250964,0.2930869557753621,1.803246434379753,-1.27876944024732,Inner Race
0.291,-0.735,-0.1188863769531249,0.093423321069907,0.151200070690966,-0.0889720844484113,0.4189499102827061,1.9246022747883995,-1.271803166737782,Inner Race
0.374,-0.752,-0.117935498046875,0.093102859662388,0.1502547867048979,-0.0790905542743479,0.3096356027989033,2.489105393590822,-1.2740420754841533,Inner Race
0.327,-0.618,-0.117635791015625,0.0935889463646423,0.1503217965875104,-0.0317937407252385,0.2493909429744292,2.1753332345894068,-1.277857659558254,Inner Race
0.247,-0.605,-0.117975341796875,0.0958897981472508,0.1520282397890582,-0.0941977663389127,0.2064132908085776,1.6246981504404496,-1.2886441986395265,Inner Race
0.295,-0.571,-0.117409521484375,0.0940176454673644,0.150412372453563,-0.0549422188864112,0.2792126656246703,1.96127482857885,-1.281091776475557,Inner Race
0.266,-0.679,-0.117284716796875,0.0940271844854181,0.1503209384000924,-0.0197320567738236,0.3280976561360198,1.769547228956339,-1.28167541778212,Inner Race
0.276,-0.874,-0.118735009765625,0.0949169255707464,0.1520091622251455,-0.0798135046084536,0.2967169918159795,1.8156800284920176,-1.280238764667654,Inner Race
0.41,-0.623,-0.1186388671875,0.0952077604780349,0.1521159290126284,-0.0789909616601988,0.2894255495549571,2.6953127306342943,-1.2821761756391383,Inner Race
0.298,-0.625,-0.11803095703125,0.0943149937779391,0.1510833893164425,-0.0835098692953819,0.2639994236844325,1.9724206701230544,-1.280031892619845,Inner Race
0.41,-0.708,-0.118830859375,0.0947268279683939,0.1519654794142201,-0.0683833760607304,0.3315292315444411,2.6979811571708465,-1.2788385122643575,Inner Race
0.286,-0.659,-0.117754345703125,0.0952672246353014,0.1514644739377336,-0.0760775858127362,0.3654932798260124,1.8882315606072309,-1.2862750247841936,Inner Race
0.435,-0.615,-0.11835634765625,0.0949357348853981,0.1517253397127108,-0.0548613899999613,0.3137079690321105,2.867022745334857,-1.2819366490876902,Inner Race
0.33,-0.642,-0.119141796875,0.0932003183570544,0.1512634885514346,-0.0375229698040713,0.172021016800127,2.181623623520946,-1.269608924147214,Inner Race
0.288,-0.559,-0.118037841796875,0.0950202868263936,0.1515300172988115,-0.058137010361934,0.1504040604425829,1.9006135228776135,-1.2837410019709734,Inner Race
0.315,-0.549,-0.1175474609374999,0.0937572539617141,0.1503575705557837,-0.0598507347023038,0.1972008266117164,2.0950059171322715,-1.2791222316212252,Inner Race
0.244,-0.581,-0.11827646484375,0.0937895039496862,0.1509482151993689,-0.0498331696538279,0.0434828607763306,1.6164483937602732,-1.2762320500429245,Inner Race
0.261,-0.615,-0.117830126953125,0.0945588904310031,0.1510790719667291,-0.0459370123202661,0.2152694915096695,1.7275721686818264,-1.2821769429717342,Inner Race
0.31,-0.642,-0.1174685546874999,0.0943894973153188,0.1506910863841156,-0.0239393013487689,0.181821211925794,2.057188699335551,-1.2828206389786363,Inner Race
0.227,-0.718,-0.116651513671875,0.0925434294530529,0.14890078508466,-0.0794162787132833,0.277885610049172,1.5245050579883466,-1.276458233568215,Inner Race
0.3,-0.601,-0.117672509765625,0.093432789965223,0.1502533844577739,-0.1196259252839125,0.340246209988928,1.996627237932931,-1.2768775371328625,Inner Race
0.264,-0.576,-0.11966318359375,0.0936406631210865,0.1519454610856515,-0.0815632290037836,0.1317427974096183,1.7374655229166958,-1.2697761878164473,Inner Race
0.295,-0.713,-0.1200023925781249,0.0934647646637086,0.1521046018768313,-0.1137027810674165,0.4568499933034755,1.9394547986055015,-1.2675130771064165,Inner Race
0.337,-0.679,-0.120342041015625,0.0939376671883914,0.1526632283141453,-0.0409199800542051,0.1860177288543756,2.2074732974107723,-1.268577689274223,Inner Race
0.374,-0.686,-0.11760146484375,0.0942948207287812,0.1507354755648118,-0.0513253221733278,0.3382864989749716,2.481167745008977,-1.2817482823456752,Inner Race
0.293,-0.762,-0.11954755859375,0.0952150120226575,0.1528302149752299,-0.0724583350454693,0.3786957707236533,1.917160163960301,-1.2784051533380285,Inner Race
0.303,-0.72,-0.1180345703125,0.0942506938794282,0.1510460834842714,-0.0630985969439764,0.2731026524739608,2.006010305004377,-1.2796766496829912,Inner Race
0.3,-0.664,-0.1177109374999999,0.0932082562316116,0.1501439963132267,-0.0501949106617949,0.357031698353254,1.998081890494957,-1.275531394975312,Inner Race
0.317,-0.64,-0.119103955078125,0.093998982262688,0.1517271542793284,-0.039767414721231,0.2266162334812094,2.089276646001056,-1.2739052551177208,Inner Race
0.31,-0.698,-0.11762802734375,0.0942001930286469,0.1506970334759032,-0.0698601521316951,0.3058283506276895,2.05710751465834,-1.2811320301709568,Inner Race
0.276,-0.725,-0.117165283203125,0.0934920211633586,0.1498934115111572,-0.0517515707128601,0.2009389049746683,1.8413084152098047,-1.2793329851069684,Inner Race
0.254,-0.552,-0.1183874511718749,0.0931664281167898,0.1506490892627736,-0.0356827746512558,0.1474341885905921,1.6860374081449234,-1.2725089337725597,Inner Race
0.269,-0.725,-0.117534716796875,0.0947723122402297,0.1509826554802218,-0.1043801998074489,0.3574792002086928,1.781661603078891,-1.2845792255674726,Inner Race
0.393,-0.754,-0.117919384765625,0.0932807231972059,0.1503524185234789,-0.0430327045634066,0.313749076005267,2.613858851486512,-1.2750441229176817,Inner Race
0.269,-0.688,-0.11861103515625,0.0946383143489073,0.1517384291433987,-0.0608797525074769,0.2125514322627579,1.772787562903953,-1.2792943670334638,Inner Race
0.254,-0.647,-0.117338818359375,0.093558609626251,0.1500705978070717,-0.0879156436811805,0.1897022301945043,1.6925367374529834,-1.278950989155598,Inner Race
0.342,-0.615,-0.116945654296875,0.0939957850308004,0.1500368696549597,-0.039968822254335,0.2140164146256875,2.2794397189604028,-1.2829623345736323,Inner Race
0.259,-0.615,-0.11894189453125,0.0941402516178972,0.1516876017201966,-0.0743308959307363,0.2745047707254686,1.7074566217860845,-1.2753084379393609,Inner Race
0.327,-0.784,-0.1178235351562499,0.0933995077767273,0.1503510144264497,-0.0930304154117389,0.3856572605453641,2.1749105002544917,-1.2760694561325452,Inner Race
0.251,-0.659,-0.1169114746093749,0.0949058902774186,0.1505821407189963,-0.0813313634297133,0.2573550935958502,1.6668643359798885,-1.2880013807209425,Inner Race
0.3,-0.571,-0.1186624511718749,0.0941053160795235,0.151446873258981,-0.0531509035222782,0.2500196839005699,1.98089266251794,-1.2762830344674063,Inner Race
0.259,-0.688,-0.1180052734375,0.0927759526127104,0.1501073004892042,-0.057736562955163,0.2344069310378977,1.7254324017280385,-1.272038919249712,Inner Race
0.293,-0.696,-0.11757158203125,0.0930241695525446,0.1499204805497943,-0.0758341596534738,0.2274722210948088,1.9543694025359235,-1.2751421556099,Inner Race
0.327,-0.718,-0.1182694824218749,0.0939207566881129,0.1510243301293392,-0.0779370227847691,0.339264170987426,2.165214040148054,-1.2769509685569225,Inner Race
0.359,-0.637,-0.1178814453125,0.095181723732567,0.1515095816122284,-0.0664126902912093,0.2475101915744715,2.3694871055668267,-1.285270817732013,Inner Race
0.371,-0.549,-0.118570703125,0.0954018196054775,0.1521843435247611,-0.0600043024898604,0.2041494269679331,2.43783290322264,-1.2834902679486082,Inner Race
0.33,-0.579,-0.117541796875,0.0951299999555415,0.1512129261122788,-0.0587304847727004,0.2579931002880711,2.182353112821638,-1.2864609026956295,Inner Race
0.293,-0.64,-0.11748984375,0.0949591413795665,0.151065090676482,-0.0215669556358299,0.1635926334967976,1.93956127579126,-1.2857714833456153,Inner Race
0.254,-0.591,-0.1175525878906249,0.0937509308807646,0.1503576363169763,0.0044995687786469,0.1089160778920734,1.6893056197327423,-1.2790670032451716,Inner Race
0.232,-0.579,-0.1194249511718749,0.0944400307738545,0.1522524314448192,-0.030903435150454,0.1656812165965853,1.5237851888367622,-1.2748795787716027,Inner Race
0.31,-0.581,-0.1179834960937499,0.0960043891575816,0.1521068639045424,-0.0695957343711833,0.31925742131203,2.038040835517761,-1.2892215347109053,Inner Race
0.276,-0.723,-0.118581494140625,0.097401994797693,0.153454410505256,-0.0421138805649298,0.284728869685495,1.7985797807391577,-1.2940839683068543,Inner Race
0.366,-0.579,-0.1183935058593749,0.0963002951696523,0.1526116517824429,-0.0493979827322051,0.1604776405322008,2.398244142732659,-1.289020463366559,Inner Race
0.288,-0.696,-0.11729599609375,0.0953834279302785,0.1511816946100163,-0.0657151002168902,0.2750808159021218,1.904992537244115,-1.2888904962210548,Inner Race
0.332,-0.671,-0.118550732421875,0.0955821169240771,0.1522818805458421,-0.0449135560284862,0.3145639171593895,2.180167455313612,-1.284529225883914,Inner Race
0.286,-0.708,-0.117870849609375,0.0955247535143232,0.1517170727572069,-0.0681144795716432,0.3218142824316303,1.885087780843796,-1.2871466801164038,Inner Race
0.281,-0.664,-0.117194677734375,0.0950086189186291,0.150866793577304,-0.038597893193987,0.180973811309852,1.8625702405215885,-1.2873177903116717,Inner Race
0.364,-0.613,-0.11658251953125,0.0975216239565243,0.151991732081366,-0.0521115242487967,0.1649255972298697,2.394867108989449,-1.3037266023455991,Inner Race
0.315,-0.669,-0.1178106445312499,0.0964471939343395,0.1522529309421291,-0.0376975094838889,0.3165840844046981,2.0689256886603418,-1.2923529240326257,Inner Race
0.474,-0.603,-0.11736875,0.0949334011908,0.1509547418335418,-0.0182914263500034,0.3734318339617486,3.140013981956798,-1.2861578728029548,Inner Race
0.254,-0.662,-0.1175612792968749,0.0958690049565401,0.15169400689716,-0.0609253989215062,0.258354832125812,1.674423434356228,-1.2903398789501972,Inner Race
0.32,-0.603,-0.117839306640625,0.0964344710936184,0.1522670526485149,-0.0332237028078937,0.3023076173641348,2.101570854849806,-1.2921584231048169,Inner Race
0.322,-0.671,-0.117097509765625,0.0946870044082022,0.1505889033835681,-0.0620020887508507,0.2755107767497975,2.13827176348995,-1.2860128595815352,Inner Race
0.305,-0.684,-0.11692548828125,0.0951807223418623,0.1507663668172754,-0.0446827844685062,0.1868115986583132,2.0229976117263035,-1.2894225975317315,Inner Race
0.315,-0.659,-0.1183478515625,0.0949792007849126,0.1517459128619697,-0.059977620132412,0.2708315770953078,2.075838446380619,-1.2822025145241611,Inner Race
0.322,-0.657,-0.11823173828125,0.0960844981320809,0.1523500046792951,-0.05220898748704,0.247514107327337,2.1135542508044365,-1.288571130679687,Inner Race
0.293,-0.601,-0.117617724609375,0.0960350844559202,0.1518427352880789,-0.0446136642231748,0.3151983000159064,1.9296280420931216,-1.2909851452437977,Inner Race
0.4,-0.613,-0.11817451171875,0.0940659682452114,0.1510403573578308,-0.0573135669703293,0.1772854203143845,2.648298818920012,-1.278112810969764,Inner Race
0.291,-0.74,-0.117391650390625,0.0959243545182682,0.1515975991896907,-0.1009248422135467,0.2557345354710367,1.9195554649640465,-1.2913831493572516,Inner Race
0.295,-0.696,-0.117552685546875,0.0960518422613113,0.1518029637224579,-0.0314357931133907,0.2459650571345246,1.94330856767296,-1.2913610864460037,Inner Race
0.291,-0.664,-0.1183603515625,0.0968521820281045,0.1529348225909897,-0.0573372010222383,0.2696224773262137,1.9027713575622536,-1.2921119325184898,Inner Race
0.251,-0.706,-0.1175640625,0.0971463220034741,0.1525065764463126,-0.0530357826159167,0.1396754910896525,1.6458306641508036,-1.2972210487053613,Inner Race
0.347,-0.608,-0.117231396484375,0.0957757801792897,0.1513794982493811,-0.0575358578717757,0.2094552747651259,2.2922522799511174,-1.2912880234226116,Inner Race
0.281,-0.608,-0.1176041015625,0.0958878450831114,0.1517391003988218,-0.0768253285761317,0.1994481060828454,1.8518628307498637,-1.2902534723092207,Inner Race
0.303,-0.669,-0.1172334472656249,0.0965157011820763,0.1518502778554113,-0.0794698306204563,0.2617177961247146,1.9953865365232344,-1.2952811795370334,Inner Race
0.283,-0.923,-0.118234619140625,0.0957047326525382,0.1521130296171136,-0.0647991692649162,0.3470450658275816,1.8604586386343385,-1.286535455712802,Inner Race
0.32,-0.608,-0.118960693359375,0.0960851555392579,0.1529168168674046,-0.0786335706217498,0.0911634102719922,2.092640996297186,-1.285439858739304,Inner Race
0.298,-0.771,-0.1175054199218749,0.0982589661300284,0.1531727022317762,-0.0535134492988869,0.2617595112733819,1.945516372421736,-1.3035373375425157,Inner Race
0.281,-0.598,-0.1164410644531249,0.0961495583881739,0.1510059855304273,-0.050761301740499,0.2830331536839292,1.860853389439846,-1.2968447706969986,Inner Race
0.291,-0.681,-0.1187920410156249,0.0972843803587427,0.1535426245341277,-0.0763503241138036,0.4234369763582037,1.895239194216846,-1.2925329274705526,Inner Race
0.349,-0.676,-0.1177963867187499,0.096346255525514,0.1521779761522055,-0.0459211302346365,0.4804859057053079,2.29336733753731,-1.2918730394977638,Inner Race
0.359,-0.625,-0.1181507324218749,0.0967232180586308,0.1526909286032879,-0.0430667235087937,0.2754552578278515,2.35115473645937,-1.2923400936532663,Inner Race
0.337,-0.786,-0.118740771484375,0.096875241826384,0.1532440049360108,-0.0841065884366689,0.4016151712407203,2.1991072351621126,-1.2905761266354592,Inner Race
0.288,-0.823,-0.1170557617187499,0.0987597646010942,0.153150469182884,-0.024004898153138,0.3431023897800136,1.8805035435842248,-1.3083548125623992,Inner Race
0.327,-0.674,-0.1168894531249999,0.0972075403945588,0.1520262765758974,-0.0321988161008931,0.2198245752762528,2.1509439510396016,-1.3005987496008091,Inner Race
0.305,-0.715,-0.118544873046875,0.0960644795730446,0.1525805379353494,-0.0859311864158901,0.3934533131989246,1.9989443223042824,-1.2871120784364594,Inner Race
0.466,-0.596,-0.11709423828125,0.0966725873552586,0.1518426602013783,-0.0547374895904268,0.3117667242620374,3.0689662535019915,-1.2967560353965983,Inner Race
0.31,-0.537,-0.11811337890625,0.0977029164983761,0.1532845852083633,-0.0287809944122663,0.1444015036107355,2.022382091314725,-1.297774956806796,Inner Race
0.256,-0.762,-0.1186216796875,0.0975801440090169,0.153598575712594,-0.045785128007673,0.2891529428507784,1.666682121317416,-1.2948609066844956,Inner Race
0.322,-0.61,-0.1167162109375,0.1004358222606941,0.1539790107196026,-0.0583163354983993,0.2355564421436962,2.091194108178584,-1.319259848163306,Inner Race
0.378,-0.75,-0.1168769531249999,0.09977014158801,0.1536678798095303,-0.058092337830113,0.499899103660526,2.459850428524992,-1.3147834170966315,Inner Race
0.339,-0.649,-0.1180806640625,0.0967778218964676,0.152671322503094,-0.083249558124518,0.2764764070018124,2.220456300777311,-1.2929409206429026,Inner Race
0.317,-0.601,-0.117243408203125,0.0988297430520258,0.1533390294705962,-0.0521992715621846,0.1503145005086841,2.067314506257436,-1.307869088937907,Inner Race
0.291,-0.608,-0.1179486328124999,0.0976693199398286,0.1531362473547861,-0.0411196007205241,0.2794338495236754,1.900268584522716,-1.2983299908039043,Inner Race
0.352,-0.686,-0.1175548828125,0.0976450480743093,0.1528176702218406,-0.048823189536643,0.317276746509946,2.303398549977974,-1.2999687172976455,Inner Race
0.298,-0.513,-0.1179998535156249,0.0986682252438205,0.1538145270780181,-0.0133692120235583,0.1607042175722082,1.9373982786999555,-1.303514559512997,Inner Race
0.381,-0.703,-0.1183460449218749,0.0982954422815264,0.1538418296333018,-0.0553535937050414,0.4247473869602909,2.4765696098918832,-1.2999321585681978,Inner Race
0.327,-0.757,-0.1188484375,0.0975588272237619,0.1537602391153594,-0.1131379665930217,0.4753455422346087,2.126687639674302,-1.2937506150668527,Inner Race
0.308,-0.669,-0.11751357421875,0.0992655012557534,0.1538265215444617,-0.0350947006654705,0.1629284444425547,2.002255507747253,-1.309010661679949,Inner Race
0.278,-0.542,-0.11774384765625,0.0962736818589731,0.1520913636935255,-0.0414734728625013,0.108574214793919,1.8278486907395284,-1.2917138918166844,Inner Race
0.276,-0.522,-0.118733740234375,0.0979628202450983,0.1539283814988625,-0.0215758480023143,0.1962117538547656,1.7930416555574546,-1.296416513073832,Inner Race
0.305,-0.796,-0.1172720703125,0.0983394428946019,0.1530454582948723,-0.0727717435962587,0.4920306828034633,1.9928719440491809,-1.305046102512264,Inner Race
0.254,-0.654,-0.1173962890625,0.09895839030505,0.1535388339644282,-0.0553672050895761,0.1517158489057277,1.6543046045200955,-1.3078678652498668,Inner Race
0.317,-0.669,-0.118821337890625,0.0975764369941061,0.1537504682729149,-0.0577021406234419,0.2312757866784194,2.0617823383621103,-1.2939634496831047,Inner Race
0.281,-0.535,-0.1175187988281249,0.0977176800557647,0.1528363400051567,-0.0482516492979738,0.154291902773437,1.8385679740205696,-1.3005267372472449,Inner Race
0.352,-0.847,-0.11698212890625,0.0975854279129979,0.1523393226920786,-0.0316687316209118,0.3923532838597992,2.310631252519698,-1.302244403623087,Inner Race
0.303,-0.627,-0.118212060546875,0.0990758878109938,0.154238916962806,-0.0572379713067013,0.3157921800277292,1.964484748509139,-1.304764642873687,Inner Race
0.352,-0.627,-0.1167898437499999,0.0981639785376138,0.1525633106927456,-0.0361533807469397,0.3086011474904806,2.307238866288823,-1.3063063173482985,Inner Race
0.278,-0.598,-0.1176138671875,0.0975449949982438,0.152799159693779,-0.0821895440391854,0.2717779603461454,1.8193817332316011,-1.2991593878142509,Inner Race
0.356,-0.632,-0.1186888671875,0.0983371993137463,0.1541323450323009,-0.047225055423619,0.2316318692157164,2.309703391104537,-1.2986251253776706,Inner Race
0.469,-0.771,-0.117073193359375,0.1008099648850534,0.1544936419416366,-0.0686123683550957,0.5836301654634122,3.035723633061709,-1.319632936528805,Inner Race
0.295,-0.601,-0.116939697265625,0.0974046554531989,0.1521909867092886,-0.0442537064465704,0.136302401299365,1.9383539484076115,-1.3014484411020102,Inner Race
0.4,-0.698,-0.1179255859375,0.0987149555190871,0.1537875497210965,-0.0518506402777909,0.4062153825054175,2.600990787130852,-1.3041067254277052,Inner Race
0.31,-0.693,-0.117192822265625,0.0987442957165778,0.1532452851856807,-0.0595516215896462,0.335090191536473,2.0229007347559587,-1.3076337118867276,Inner Race
0.315,-0.662,-0.11688349609375,0.0982068261042747,0.1526625737559185,-0.0793880728507156,0.2547921069485848,2.063374095235886,-1.3061088935384924,Inner Race
0.269,-0.679,-0.11838408203125,0.0977633828579023,0.1535317661679701,-0.0726994501407315,0.2943842836434576,1.7520804112010469,-1.2968953556394691,Inner Race
0.283,-0.625,-0.117290576171875,0.0980436372314013,0.1528697638425127,-0.0547633291698928,0.2559197380507592,1.851249016722156,-1.3033422533324488,Inner Race
0.251,-0.605,-0.117329443359375,0.0990144516034506,0.1535238782768722,-0.0359123741747346,0.2322424117318418,1.634924826138998,-1.308485524870643,Inner Race
0.342,-0.564,-0.1180392578124999,0.0985030390169606,0.1537388737717099,-0.0663848314847607,0.1358790286446694,2.2245512251367408,-1.302438499028155,Inner Race
0.344,-0.737,-0.1180099609375,0.0982714346357717,0.1535680767582206,-0.0036916601377396,0.3200809042990742,2.240048890770427,-1.301314529199385,Inner Race
0.354,-0.845,-0.118509130859375,0.1006750399054809,0.1554972117477613,-0.1216175996900184,0.61875433002445,2.2765681520658934,-1.3121116543524147,Inner Race
0.295,-0.674,-0.1186006347656249,0.0969286010345147,0.1531692055133084,-0.0657293310407184,0.3411048886141796,1.9259746044342323,-1.2914703687378812,Inner Race
0.369,-0.649,-0.1172322265624999,0.0968914435344544,0.1520884228957163,-0.0400386681320027,0.2011061063701102,2.426220174911112,-1.297326062596222,Inner Race
0.293,-0.659,-0.117612060546875,0.098385653151188,0.1533357782406698,-0.0939129541936385,0.3356945941957487,1.9108390967965652,-1.303741959180767,Inner Race
0.383,-0.671,-0.11837607421875,0.0966704919643026,0.1528320079572666,-0.0372492289583937,0.2408087047191753,2.506019551265012,-1.2910717724499348,Inner Race
0.32,-0.85,-0.11731279296875,0.0973858446933142,0.1524658356966815,-0.0811721704700619,0.5950296695178152,2.098830853074613,-1.299652253077767,Inner Race
0.256,-0.73,-0.1172373046875,0.0967837119747907,0.1520237321496836,-0.066920440511238,0.3654367032220569,1.6839476072587185,-1.2967180758284065,Inner Race
0.334,-0.73,-0.118648876953125,0.0991977877155486,0.1546521147974644,-0.0777282414582287,0.3404457630499489,2.159685953453745,-1.3034435619526628,Inner Race
0.291,-0.693,-0.117344287109375,0.0975339389800849,0.1525846862388535,-0.0552564988718054,0.2456068323026348,1.907137650396144,-1.3003162744227283,Inner Race
0.352,-0.693,-0.1169092285156249,0.0998380318903541,0.1537365071251681,-0.0517994927817683,0.3494530222928635,2.2896318290450752,-1.315007455588685,Inner Race
0.295,-0.73,-0.118672216796875,0.1005038506956641,0.155510854380259,-0.0405626855956865,0.2932840388520255,1.8969736947020983,-1.3104234384231548,Inner Race
0.298,-0.681,-0.117328662109375,0.1007423383684605,0.1546432608773031,-0.0500375136307125,0.2584952381516379,1.9270157542554596,-1.318034810054708,Inner Race
0.303,-0.713,-0.117406298828125,0.0987066966959593,0.1533844035231112,-0.0510120255157974,0.3241176084108415,1.9754290073850005,-1.3064410091630243,Inner Race
0.33,-0.552,-0.117896435546875,0.0991859156265368,0.1540679558174431,-0.0432105317384438,0.2539584643341119,2.141911978056103,-1.3068075816099338,Inner Race
0.327,-0.564,-0.1174345703125,0.1008453333335266,0.1547907070475526,-0.0162493726185232,0.3400163221272514,2.112529920155631,-1.3181017023832575,Inner Race
0.33,-0.613,-0.1173247558593749,0.100355600236324,0.1543886429636969,-0.0291202063408337,0.2093846064931948,2.1374629225648194,-1.3159084954649003,Inner Race
0.317,-0.64,-0.1182154296875,0.1010320389789791,0.1555051841730284,-0.0345063764296838,0.3130384049589954,2.038517247420372,-1.3154389793625345,Inner Race
0.276,-0.605,-0.117247900390625,0.1011510111056413,0.15484862804501,-0.0504688734713484,0.2174641815212954,1.7823858272723911,-1.3206942514886308,Inner Race
0.344,-0.769,-0.1177394042968749,0.1010326631028771,0.1551440231524304,-0.0388036166296792,0.3955180772791351,2.217294569330697,-1.3176898938713948,Inner Race
0.31,-0.566,-0.1185826171875,0.1020585463483789,0.1564521504825836,-0.0529247031404926,0.1744139713523078,1.9814364906061763,-1.3193514715163122,Inner Race
0.334,-0.618,-0.1171038574218749,0.1011992637604479,0.1547711353764103,-0.0754539652392509,0.2520894753761222,2.1580251329661517,-1.321657021244281,Inner Race
0.317,-0.671,-0.116678955078125,0.1016707108775489,0.1547591912468872,-0.0417987974612747,0.3842496836673179,2.04834360690274,-1.3263676482469762,Inner Race
0.349,-0.608,-0.1187889648437499,0.1008541169376314,0.1558264239917688,-0.0429126287646859,0.3320692824083728,2.2396714951145587,-1.3117920860471874,Inner Race
0.347,-0.637,-0.1177518066406249,0.101068878884049,0.1551770197893461,-0.0563426920760994,0.3679033361941566,2.236155846213923,-1.3178313285921956,Inner Race
0.3,-0.608,-0.117485205078125,0.101177638212205,0.15504576110655,-0.0002904149351121,0.1896342975031939,1.9349126210153853,-1.3197045619782342,Inner Race
0.31,-0.642,-0.1184158203125,0.1011152375650971,0.1557115876714262,-0.038665779433865,0.2294079454862756,1.9908601834703816,-1.3149559514978866,Inner Race
0.295,-0.598,-0.1171111328124999,0.0999034259640156,0.1539325326543255,-0.0715968191143074,0.2747659427263937,1.9164240002628865,-1.3144141718855902,Inner Race
0.327,-0.693,-0.1169502441406249,0.1013103649356744,0.1547276590863059,-0.0718768467625797,0.3592256929030442,2.113390727494958,-1.3230212576577107,Inner Race
0.347,-0.688,-0.118285205078125,0.1012179994281147,0.1556790702065972,-0.04325809888358,0.3383270424189044,2.228944453095116,-1.316133070943017,Inner Race
0.322,-0.635,-0.11748310546875,0.0996584940093857,0.1540571664898293,-0.0389158676420796,0.2123654394544041,2.090133210526483,-1.3113133660806056,Inner Race
0.347,-0.618,-0.117850634765625,0.0988794239963773,0.153835740987191,-0.0096103567615348,0.2106907383919414,2.255652670655336,-1.3053450352060578,Inner Race
0.278,-0.803,-0.1183196777343749,0.1021372454042508,0.1563043622619323,-0.067512041492424,0.2779452270569047,1.77858119873924,-1.3210343812195982,Inner Race
0.381,-0.701,-0.1170009765625,0.1023035426733654,0.1554179279369621,-0.0915753336817414,0.3286821171237855,2.451454636266509,-1.3283472711353004,Inner Race
0.334,-0.691,-0.117726220703125,0.0984979892951346,0.1534954175631658,-0.0023565532726992,0.4224480147599365,2.175960724446733,-1.30383373089196,Inner Race
0.342,-0.698,-0.1190326660156249,0.101265461261652,0.1562784966201664,-0.0717806428176863,0.3732470074594611,2.1884008830160946,-1.3129042795668573,Inner Race
0.378,-0.674,-0.117384716796875,0.100531882981924,0.1545488199377162,-0.082869786908836,0.3290165653752046,2.445829092401582,-1.316600867258987,Inner Race
0.369,-0.679,-0.1172979492187499,0.10132578973541,0.1550007201344158,-0.0354052103942671,0.2855005774906893,2.380634100796468,-1.321427366520736,Inner Race
0.315,-0.688,-0.118681201171875,0.100909138869871,0.1557799236716356,-0.061661822595541,0.5034168981196738,2.0220834147022706,-1.312591397234293,Inner Race
0.305,-0.669,-0.117666552734375,0.0995350482778148,0.154117356961495,-0.0301791308130079,0.2506456504613616,1.9790113587024585,-1.3097805058452374,Inner Race
0.435,-0.669,-0.11724853515625,0.1024991942234122,0.1557330755501621,0.026798609769971,0.4264668297147302,2.7932409249818297,-1.3282304579978428,Inner Race
0.286,-0.613,-0.1180447265625,0.10024164295977,0.154862693404815,-0.0768004998338257,0.2641461323511938,1.8467972738430205,-1.3118984465843242,Inner Race
0.342,-0.596,-0.118100146484375,0.0984556107116678,0.1537552554043377,-0.0444322303470468,0.1903031251219871,2.2243142135247727,-1.3019057129169609,Inner Race
0.293,-0.669,-0.11729658203125,0.0993608674951622,0.1537224384595089,-0.0393114044575543,0.2837839630006518,1.90603273625,-1.3105449093014012,Inner Race
0.344,-0.671,-0.11850419921875,0.101422686505045,0.1559785379367142,-0.0482338414666651,0.3173956568251372,2.205431622519583,-1.316227939305251,Inner Race
0.356,-0.664,-0.1170600097656249,0.1003594344212213,0.1541900456125998,-0.0172129210851262,0.4292694432728852,2.308839060171527,-1.31718804672335,Inner Race
0.31,-0.642,-0.1164010742187499,0.0990451837006523,0.1528354654266721,0.0105912354305297,0.2497431943771904,2.028325030022124,-1.31300734509934,Inner Race
0.386,-0.513,-0.11792001953125,0.0995351187022483,0.1543110077388356,-0.0314133849155825,0.0705424828963368,2.501441767869778,-1.3086073794105983,Inner Race
0.283,-0.591,-0.117154833984375,0.0994244278703102,0.1536554239414952,-0.0647432240926198,0.1851185056506312,1.841783340546137,-1.3115585479126564,Inner Race
0.415,-0.557,-0.116623388671875,0.0978966261494101,0.1522639032740011,-0.0322380496880812,0.24044655704758,2.725531075170202,-1.3056034900718094,Inner Race
0.337,-0.767,-0.1185310546875,0.0996910815777462,0.1548787829315034,-0.0609072809529364,0.4425240170836964,2.175895197659459,-1.3066515213235217,Inner Race
0.281,-0.583,-0.116450830078125,0.098886051683906,0.1527703164233095,-0.0337735116743105,0.1234069096219383,1.839362557981357,-1.3118868823933536,Inner Race
0.249,-0.564,-0.117446044921875,0.0983972373998785,0.1532159164088888,-0.054735717290355,0.1234211175527613,1.6251575282524249,-1.3045642917205764,Inner Race
0.288,-0.684,-0.11800419921875,0.100405842225095,0.1549381551897199,-0.0114091118113328,0.2727013476586828,1.8588061775186837,-1.3129884886766083,Inner Race
0.325,-0.796,-0.11792177734375,0.0991781331700288,0.1540823396201281,-0.0772784587199937,0.2899046826545648,2.1092618453305505,-1.3066487216433955,Inner Race
0.344,-0.647,-0.11651591796875,0.0994439132867213,0.1531814876676111,-0.00940163650363,0.2481612900298864,2.245702174837513,-1.3146829234842825,Inner Race
0.349,-0.74,-0.118112646484375,0.0981773168429729,0.1535868228664267,-0.0242154422112142,0.4017344184717117,2.27233035677496,-1.300341897653987,Inner Race
0.31,-0.693,-0.11734296875,0.0999677346715679,0.154150680583054,-0.0971009482306483,0.3439172100605865,2.011019340475612,-1.313676330377094,Inner Race
0.288,-0.742,-0.117397412109375,0.0985211987641749,0.1532582951402529,-0.0256973912193136,0.2576214991006571,1.879180502017456,-1.3054657030894994,Inner Race
0.381,-0.688,-0.1179935546874999,0.0996625649104734,0.1544494117851578,-0.013175236382328,0.4762782180030731,2.4668271351526965,-1.308964817563208,Inner Race
0.327,-0.586,-0.1178119140625,0.0985889478014326,0.1536195076316806,-0.023463407021819,0.3164615056743041,2.1286359072574155,-1.3039386453749024,Inner Race
0.361,-0.676,-0.117314697265625,0.0996412018137466,0.1539175834976811,-0.0329229813774633,0.3708463027455928,2.34541104269246,-1.3120059726973468,Inner Race
0.32,-0.864,-0.11851923828125,0.1006592965412561,0.1554947236469175,-0.0739839756931637,0.4498947254682086,2.0579476428192205,-1.3119787631264006,Inner Race
0.31,-0.627,-0.11694228515625,0.0994019525480879,0.1534788707592392,-0.0279992109094835,0.3368218366278741,2.019822001989407,-1.3124326290885424,Inner Race
0.337,-0.559,-0.1172303710937499,0.0975680563347114,0.1525189191645581,-0.0451778831468183,0.1696790248421567,2.209561947107681,-1.3010188208189464,Inner Race
0.354,-0.664,-0.118296826171875,0.0996845369858963,0.1546953806389047,-0.0225217322184647,0.3133548515736652,2.288368266317654,-1.3076883433385251,Inner Race
0.393,-0.664,-0.1167566406249999,0.0985142246008029,0.1527635156024459,-0.071868644280071,0.3644733401836526,2.5726037951545253,-1.3083925229837092,Inner Race
0.31,-0.708,-0.1168787109374999,0.0975615032792843,0.1522445901645605,-0.0367133212312504,0.1745239714979769,2.036197146085272,-1.3025861505776888,Inner Race
0.347,-0.713,-0.118022265625,0.0984900058699176,0.1537174771877575,-0.0815488837123163,0.4525159305350961,2.257388075502686,-1.3024447240843038,Inner Race
0.281,-0.549,-0.11743447265625,0.0982119180239879,0.1530880963183454,-0.0482444316492195,0.2081613612241293,1.8355444136927723,-1.303604408958002,Inner Race
0.381,-0.63,-0.116624658203125,0.0994465331575656,0.1532659158678043,-0.0327677491796443,0.2466011137701378,2.485875596297757,-1.3141810508105525,Inner Race
0.332,-0.566,-0.11703642578125,0.0989978617496649,0.153289344205248,-0.0206673822617264,0.2081592819714499,2.1658387392894443,-1.3097575663473993,Inner Race
0.361,-0.679,-0.117462939453125,0.0992635954588556,0.1537866132409104,-0.0280837560967161,0.3368074652691684,2.3474084797906616,-1.3092351847901853,Inner Race
0.442,-0.728,-0.117021435546875,0.1011609477996541,0.154683722649587,-0.0660643645459548,0.4421088760031981,2.857443513958383,-1.3218409253544472,Inner Race
0.322,-0.747,-0.1174955566406249,0.1010469641749604,0.154968371741573,-0.0496163527982772,0.1743001633031768,2.0778433455890646,-1.318929635914347,Inner Race
0.271,-0.876,-0.117206201171875,0.0986255290522268,0.1531790247489742,-0.0783913393110344,0.4494260247070083,1.7691717285973565,-1.3069191153490891,Inner Race
0.264,-0.623,-0.1173909179687499,0.1014097611705313,0.1551259653852918,-0.0190601328900916,0.303442251981453,1.7018427530445592,-1.3214477582208453,Inner Race
0.334,-0.647,-0.117534375,0.1007713286445646,0.1548182616509596,-0.0284819792046578,0.1996881059948005,2.15736823575121,-1.3172168708172365,Inner Race
0.337,-0.784,-0.1170196289062499,0.1000947790773029,0.1539872369406796,-0.0610545130326361,0.5217671504277819,2.188493064070124,-1.3159094621983984,Inner Race
0.342,-0.752,-0.116932373046875,0.1007976322681552,0.1543789054098612,-0.0426234927674041,0.2227222475743282,2.2153285715559567,-1.3202409340309451,Inner Race
0.281,-0.566,-0.1167516113281249,0.1002885473835709,0.1539098449770494,-0.0401597152518368,0.2281617071931618,1.8257441558849077,-1.318267415980178,Inner Race
0.344,-0.789,-0.11894765625,0.099995418100876,0.1553935015759386,-0.076530584891469,0.3867699844745282,2.2137347862767087,-1.3064023829888505,Inner Race
0.3,-0.759,-0.117234228515625,0.0999192416239824,0.1540364622076641,-0.024664878357915,0.2105945298593217,1.9475908216819164,-1.3139205516854158,Inner Race
0.374,-0.625,-0.11722978515625,0.101458194611012,0.1550357544447409,-0.0864547106317272,0.3803253460026816,2.412346760522935,-1.3224945711373703,Inner Race
0.308,-0.603,-0.1176848632812499,0.100728703447472,0.1549048201971536,-0.0418875184319311,0.2093592609239465,1.9883177270274477,-1.316268004891617,Inner Race
0.33,-0.659,-0.117051123046875,0.1016215930063738,0.1550077718250665,-0.0266283507043068,0.4353559193351728,2.1289255120215547,-1.3242741102363549,Inner Race
0.349,-0.642,-0.11695791015625,0.1010868439170679,0.1545872045435642,-0.017220025205585,0.2566621217843319,2.2576254032826397,-1.3217336419318992,Inner Race
0.403,-0.747,-0.1182802734375,0.1007822515194156,0.1553923722563908,-0.0467273914903154,0.3677582397414216,2.593434890967924,-1.313764060061132,Inner Race
0.356,-0.723,-0.1178442382812499,0.1007242771375837,0.1550230599655862,-0.0337778311948159,0.2695785300831592,2.2964325441584554,-1.3154912130332954,Inner Race
0.396,-0.562,-0.117505712890625,0.0995530932050691,0.1540062563727627,-0.0097771147811797,0.2712335468963314,2.5713241093368717,-1.3106278204202093,Inner Race
0.325,-0.798,-0.1176336914062499,0.1005821819634483,0.1547706906982673,-0.038385059085273,0.3891430875764814,2.0998807883696955,-1.3157003648194985,Inner Race
0.356,-0.593,-0.1173208984375,0.0983936733712771,0.1531177176201981,-0.0060550386258749,0.3065293758480418,2.3250085328664736,-1.3051188633862032,Inner Race
0.325,-0.74,-0.1171236328125,0.0998108785807764,0.1538820015796397,-0.051547298612455,0.2580039766781454,2.112007880478473,-1.3138424576189949,Inner Race
0.315,-0.637,-0.1195296875,0.099805985910053,0.1557179971259143,-0.0307649012012713,0.3052042657788796,2.0228875647898907,-1.3027558289727337,Inner Race
0.291,-0.75,-0.11746865234375,0.0992202097640721,0.1537629786823904,-0.0585308517166782,0.2815133516583215,1.8925231710103865,-1.308970313479309,Inner Race
0.449,-0.645,-0.11721591796875,0.0995329768355448,0.1537722379751137,-0.02225729671199,0.3550055950567512,2.9199028765690827,-1.3118716351827715,Inner Race
0.298,-0.642,-0.1180264648437499,0.1002557059976629,0.1548578774458414,-0.0739612095527989,0.2300862338235862,1.924345115115114,-1.3120606268335746,Inner Race
0.471,-0.601,-0.117184228515625,0.0996893553592483,0.153849360520029,-0.0375076923879746,0.3693704975464347,3.061436189321582,-1.3128845277973151,Inner Race
0.298,-0.662,-0.11721669921875,0.1003640860443189,0.1543120620690424,-0.0562970026694818,0.2720877537054829,1.9311516935511404,-1.316468242985285,Inner Race
0.344,-0.781,-0.1175643554687499,0.099513715625595,0.1540255619384936,-0.0205577620931531,0.3203593457149942,2.2333955200070488,-1.3101382755373971,Inner Race
0.312,-0.75,-0.117158984375,0.0993714314975128,0.1536243042473057,-0.0340330546883981,0.4455079654733156,2.0309286445830845,-1.3112464662171217,Inner Race
0.317,-0.703,-0.1171123046875,0.0999532943566525,0.1539657920991502,-0.0234244887556284,0.1278857482826789,2.058898900061253,-1.3146850154643384,Inner Race
0.374,-0.793,-0.11896884765625,0.0988868056333889,0.1546987704227558,-0.0140621396297417,0.3423792297944605,2.4176016330184456,-1.300330073547861,Inner Race
0.376,-0.662,-0.1178473144531249,0.0997530858482659,0.1543961844966039,-0.0251362587960989,0.2884332745292064,2.43529334112703,-1.3101374877576586,Inner Race
0.403,-0.706,-0.11754521484375,0.1002045235355758,0.1544581943085652,-0.0566575899027041,0.294957160578849,2.60912023349772,-1.3140321748859176,Inner Race
0.31,-0.83,-0.1187180175781249,0.0989176640471046,0.154525707212273,-0.0800548217386059,0.4430814194920192,2.0061386910473797,-1.3016196729412537,Inner Race
0.356,-0.588,-0.1177728515625,0.1000159407445687,0.1545093671310901,-0.0230665155974642,0.1766316254253648,2.30406742717391,-1.3119268581952837,Inner Race
0.322,-0.691,-0.11756748046875,0.0988470650043452,0.1535981042744953,-0.0351106855308844,0.2224122539184319,2.0963800401113897,-1.30646760194306,Inner Race
0.354,-0.698,-0.11902705078125,0.1006316194777086,0.1558642588520537,-0.0497773635275886,0.4199487267683097,2.271207027237826,-1.30948601875807,Inner Race
0.347,-0.583,-0.117367626953125,0.0984580145085278,0.1531948665545679,-0.027306362280091,0.1448117895774059,2.265088953724169,-1.305256573141347,Inner Race
0.332,-0.645,-0.1166606933593749,0.1002972536839641,0.1538465640929401,0.0037634560588997,0.3005562689345953,2.1579942454836742,-1.318752354908551,Inner Race
0.273,-0.735,-0.11797998046875,0.0988582833806949,0.153921274647342,-0.0439478477047604,0.3677537971136746,1.7736339607730391,-1.3046389229409308,Inner Race
0.298,-0.654,-0.1176323730468749,0.1002375140038209,0.154545927797623,-0.0626849338137523,0.3396227543773373,1.928229389455212,-1.313804387301092,Inner Race
0.42,-0.754,-0.1171044921874999,0.0992960176708278,0.1535339694828354,-0.0366414823128603,0.3234984974214394,2.735550975557591,-1.3110852249545388,Inner Race
0.288,-0.654,-0.11763916015625,0.1007806221219176,0.1549038729770216,-0.0368931273587777,0.180576696989438,1.8592175551525545,-1.3167713265827137,Inner Race
0.393,-0.825,-0.11717119140625,0.1004364506993353,0.1543245805822099,-0.0450762969624038,0.4377485375517485,2.546580710068062,-1.3170863821563743,Inner Race
0.347,-0.571,-0.117426611328125,0.0990413070975376,0.1536154634003462,-0.0171663733690278,0.3145850559312162,2.258887173979764,-1.3081827165317648,Inner Race
0.339,-0.671,-0.118610595703125,0.0996800378306883,0.1549325601458885,-0.041862572137934,0.2422756534646555,2.188048785102297,-1.3062286655542577,Inner Race
0.312,-0.696,-0.116986328125,0.0987486208027662,0.1530902183073962,-0.0303145921112363,0.2364757648800641,2.038013946609718,-1.308616320907339,Inner Race
0.366,-0.808,-0.11739970703125,0.0983274509565561,0.1531355828613364,-0.0660503779479732,0.4233202592956506,2.390038899916626,-1.3043949319275054,Inner Race
0.31,-0.649,-0.11815556640625,0.0971494053084034,0.1529649763324108,-0.0306505963601117,0.2344955296518494,2.026607707416197,-1.2946066019985627,Inner Race
0.281,-0.833,-0.117435302734375,0.0990073547054063,0.1536002212840711,-0.0643017696378786,0.1985237741496499,1.8294244477702493,-1.307956106108033,Inner Race
0.347,-0.635,-0.1174493652343749,0.0970169086050893,0.1523357291157736,-0.0691010487707361,0.2438446391900148,2.27786351904538,-1.2970332262910194,Inner Race
0.364,-0.701,-0.1176880371093749,0.0980625149692104,0.1531870143874902,0.010517388987402,0.3271039227519869,2.3761805232345177,-1.3016362423066308,Inner Race
0.31,-0.579,-0.116909619140625,0.0969517053527711,0.1518783501752409,-0.0365615939513296,0.2047403560178371,2.041107239065439,-1.2991091006168942,Inner Race
0.369,-0.74,-0.117048095703125,0.0992936525478216,0.1534894287445494,-0.0691266838610809,0.4390558330835894,2.404074358854525,-1.311336402549021,Inner Race
0.298,-0.657,-0.118880810546875,0.0983338952833507,0.1542780928441904,-0.0770784783038263,0.2854180573823157,1.9315768979654049,-1.2977543821789317,Inner Race
0.305,-0.598,-0.1175381835937499,0.0958368687530776,0.1516557995691848,-0.0464052272903311,0.1550361086219487,2.0111331110740687,-1.2902683615850006,Inner Race
0.288,-0.623,-0.1173939453125,0.0968703218397841,0.1521996696879628,-0.0292422467316913,0.2183643824812793,1.892251150021893,-1.296486537553626,Inner Race
0.276,-0.593,-0.11838896484375,0.0964608410569676,0.1527094840651277,-0.0231980515607207,0.2244624033163567,1.807353365703804,-1.2898962691892273,Inner Race
0.408,-0.82,-0.1176182128906249,0.0972973983220007,0.1526445723847252,-0.0030432130889919,0.3823434828773515,2.6728759079076667,-1.2977970726920651,Inner Race
0.291,-0.557,-0.116920703125,0.0974652889695977,0.1522152079499614,-0.0361002612027057,0.2595666324288408,1.9117669247323965,-1.301867025100149,Inner Race
0.403,-0.649,-0.11857587890625,0.0978275368611403,0.1537205215007702,-0.0236496099066412,0.2921398904313057,2.621640858783977,-1.296389475825068,Inner Race
0.386,-0.75,-0.11752900390625,0.098712526744383,0.153482096370391,-0.0501082531463985,0.4252703301336575,2.5149513143766598,-1.3059082547217018,Inner Race
0.325,-0.698,-0.117997509765625,0.0977249730797884,0.1532093873018943,-0.070210202177292,0.2729481276478998,2.12127994063182,-1.298412039425321,Inner Race
0.33,-0.588,-0.1178609375,0.09890024300678,0.1538570149674284,-0.0373791895076511,0.2033515051201662,2.144848579506505,-1.305411430037441,Inner Race
0.374,-0.608,-0.11713359375,0.099254341035741,0.153529221885139,0.0075044164132549,0.1756581100039174,2.4360183384489726,-1.310718957473624,Inner Race
0.295,-0.618,-0.117461279296875,0.0972020621966536,0.1524628862689314,-0.0400560512847332,0.1581189638607321,1.9348971229604384,-1.2979842138752158,Inner Race
0.369,-0.637,-0.117629638671875,0.099266900650668,0.1539161080281946,-0.0115872240959241,0.278105259975669,2.3974098924877043,-1.30848066665868,Inner Race
0.3,-0.781,-0.11740400390625,0.0992146551368274,0.1537100103609268,-0.0251418315607445,0.2932916359781945,1.9517271470841049,-1.3092399343012875,Inner Race
0.369,-0.554,-0.11692919921875,0.0975417122623906,0.1522706757435792,0.0107453450426684,0.2369461937131616,2.4233162307717646,-1.3022468020046278,Inner Race
0.31,-0.801,-0.118022509765625,0.0984992238825961,0.1537235706768504,-0.0672546503299681,0.3567774318748387,2.0166068133537287,-1.3024936597444197,Inner Race
0.312,-0.757,-0.11756943359375,0.0993889508262197,0.1539488646586505,-0.0999959372443838,0.3833015952131595,2.0266469693803515,-1.3094293299958066,Inner Race
0.291,-0.85,-0.11710400390625,0.0979079557283074,0.1526395999108275,-0.0470908481842215,0.4048501404049975,1.9064515379364395,-1.3034532963793986,Inner Race
0.386,-0.625,-0.11887607421875,0.0977225582821351,0.1538855195429381,0.0073386279586313,0.2242632807950744,2.5083581687638627,-1.2945037136721511,Inner Race
0.31,-0.625,-0.1169084472656249,0.0990421974205798,0.1532203085085431,-0.0465112533128986,0.3000296268636924,2.023230490902682,-1.3106008341759494,Inner Race
0.459,-0.591,-0.116839697265625,0.098936418468954,0.1530994833650349,-0.0611747521368835,0.3391939799414092,2.9980506133100837,-1.3103378984025993,Inner Race
0.32,-0.552,-0.117863037109375,0.0978609827903221,0.1531926886424924,-0.0564269391879358,0.1695301724279421,2.0888725358609497,-1.2997517491453412,Inner Race
0.354,-0.652,-0.11719677734375,0.0976702616116416,0.1525585095238053,-0.0259007941962142,0.2672780055704398,2.320421201707936,-1.3017295610128918,Inner Race
0.317,-0.627,-0.11762548828125,0.0973703827147002,0.1526967058727037,-0.0516088670507016,0.253872232203352,2.07601073113043,-1.2981600170500145,Inner Race
0.413,-0.642,-0.1187865234375,0.0988920774609554,0.1545619733740523,-0.0239033993369731,0.2383553476036093,2.672067333149966,-1.30117431591788,Inner Race
0.3,-0.823,-0.117441015625,0.097766784716998,0.1528079501495463,-0.0735313410325518,0.4343721415228234,1.963248637956358,-1.3011463613144854,Inner Race
0.347,-0.652,-0.1168303710937499,0.0980236586922773,0.1525041117529704,-0.0493308982729755,0.3817345219153112,2.275348487403922,-1.3053464636399577,Inner Race
0.3,-0.537,-0.1184341796874999,0.0969241880095497,0.1530375588984408,-0.02522686266876,0.1467503389046838,1.9603030926485616,-1.2921739256542766,Inner Race
0.276,-0.745,-0.11728759765625,0.0992794220139394,0.1536629523655181,-0.0709515936278541,0.2877368559162581,1.7961388594400989,-1.3101381172106374,Inner Race
0.33,-0.623,-0.116776611328125,0.0975023516606933,0.1521283055117969,-0.071911425370356,0.2833718144918289,2.169221558669171,-1.3027292347466644,Inner Race
0.398,-0.759,-0.118419775390625,0.0981549915833201,0.1538088916366163,-0.0337967544781982,0.2385742863755391,2.5876267344823045,-1.2988446492932038,Inner Race
0.291,-0.71,-0.1177370117187499,0.0982382269441105,0.1533371511852028,-0.1028555086509761,0.4554982432453265,1.897778834096937,-1.302369993485943,Inner Race
0.283,-0.647,-0.1181890624999999,0.0976473868383342,0.153307537564918,-0.0558663341455797,0.1890600633847801,1.8459627262629776,-1.297138113477447,Inner Race
0.293,-0.637,-0.1182282714843749,0.0991533828040719,0.1543011258908109,-0.0326614691916671,0.181110640232216,1.898884394449185,-1.3051119157333135,Inner Race
0.325,-0.581,-0.115764794921875,0.0969526165445454,0.1509994656382825,-0.043444521729372,0.2829937207409965,2.1523254974857573,-1.304364299528073,Inner Race
0.415,-0.71,-0.116580908203125,0.0974990089071836,0.1519759873546537,-0.0622958407096887,0.3112782505497495,2.730694547366545,-1.3036095677849586,Inner Race
0.361,-0.562,-0.11797333984375,0.0978927163153159,0.1532978307163664,-0.0108834709086233,0.2451807984783727,2.35489307521857,-1.2994277429070165,Inner Race
0.33,-0.803,-0.1173305664062499,0.0986346406037904,0.1532800675285684,-0.0318301808183823,0.3569825273519447,2.152921807256474,-1.306395018991432,Inner Race
0.278,-0.667,-0.117157958984375,0.098711855279434,0.1531977217303161,-0.0593576278386189,0.2604963514229954,1.8146483959427373,-1.3076168538472714,Inner Race
0.281,-0.649,-0.1178649414062499,0.0988542587957208,0.1538305292790779,-0.0488750044432224,0.2388527279943688,1.8266855176075771,-1.3051423726489104,Inner Race
0.281,-0.581,-0.1172927734375,0.097598448390846,0.1525863254644727,-0.041242109630824,0.2347431692717494,1.841580489894072,-1.3009013342648863,Inner Race
0.261,-0.708,-0.1175430175781249,0.0981650029101666,0.1531413015876289,-0.0346837850541435,0.2392745356370276,1.7043083563623318,-1.302853242523262,Inner Race
0.261,-0.681,-0.118076708984375,0.098485803610855,0.1537565904646956,-0.0710332693756558,0.3183294376903949,1.697488213098279,-1.3021754399086622,Inner Race
0.283,-0.671,-0.11671865234375,0.0995618981086541,0.1534122920357304,-0.0037962025568848,0.2369613369022154,1.84470224807076,-1.3143768279975805,Inner Race
0.32,-0.752,-0.11697001953125,0.0976389617094178,0.1523643226493861,-0.0464090797959984,0.283304505646246,2.1002292035017245,-1.3025929486887031,Inner Race
0.325,-0.691,-0.118630810546875,0.0975597381748585,0.1535926657833045,-0.0536499144806292,0.4073757954835013,2.115986452494579,-1.2947114250948737,Inner Race
0.256,-0.686,-0.11722109375,0.0994720142531853,0.1537367337391466,-0.058090586624032,0.1879284940628824,1.6651843302093892,-1.3115108281366517,Inner Race
0.278,-0.635,-0.11750166015625,0.0996844501231022,0.1540881063912786,-0.0724935037947887,0.2474086876685857,1.804162608722504,-1.311369611172958,Inner Race
0.344,-0.732,-0.118628759765625,0.0999968587964325,0.1551504629774251,-0.0634417758287042,0.2351337814608007,2.217202536160353,-1.3078655065091815,Inner Race
0.281,-0.608,-0.1158216796874999,0.0981081240409929,0.1517873364540418,-0.0394053479129845,0.1892056406536277,1.8512743326587144,-1.3105261196658626,Inner Race
0.271,-0.696,-0.117394580078125,0.0973792178338898,0.1525245438433086,-0.0926815611878383,0.3267226768231879,1.7767632223073782,-1.2992468965927129,Inner Race
0.3,-0.681,-0.11823837890625,0.0982572707048119,0.1537346222619721,-0.0325737866857545,0.1537501214036076,1.9514146884153645,-1.300209151073246,Inner Race
0.32,-0.652,-0.1176916503906249,0.097273188171151,0.1526857416177403,-0.0386606417240191,0.2260603365701343,2.0958080080662858,-1.2973370762579002,Inner Race
0.366,-0.771,-0.1173999999999999,0.0989794037628855,0.153555214837876,-0.1036535019829798,0.5248325185247671,2.3835074594270456,-1.307966054837104,Inner Race
0.33,-0.835,-0.11664560546875,0.0969023131513451,0.1516436515991107,-0.0588464566233726,0.4579805507645238,2.1761544022455808,-1.300037416666648,Inner Race
0.286,-0.598,-0.1163590332031249,0.0957450227518379,0.1506853887308027,-0.0675504677516599,0.3981126706445952,1.897994240907689,-1.2950037876969558,Inner Race
0.293,-0.754,-0.1169130371093749,0.0985889345835526,0.1529312318328793,-0.0714914968266164,0.3725201221981362,1.9158938072256264,-1.3080768031867005,Inner Race
0.334,-0.764,-0.1173673828124999,0.0987497550743219,0.1533823344695984,-0.0653225207778359,0.510837580198884,2.1775649794025105,-1.3068565626502384,Inner Race
0.286,-0.603,-0.117590234375,0.0967537947777273,0.1522770597617628,-0.0204212356335398,0.2343069820525265,1.8781555176298148,-1.2949804936704623,Inner Race
0.369,-0.757,-0.117204443359375,0.0967839784422617,0.1519985613303112,-0.0663334122188976,0.3175443795995138,2.4276545565330614,-1.2968668846815783,Inner Race
0.449,-0.779,-0.1168421386718749,0.0971534273629997,0.1519552991489705,-0.0711542267008177,0.3398896222773233,2.9548163342419502,-1.3005179541920489,Inner Race
0.315,-0.564,-0.11680498046875,0.0967219724402458,0.1516512005263847,-0.0441048074683506,0.3189707346749313,2.07713489182168,-1.2983282041381572,Inner Race
0.31,-0.774,-0.118211474609375,0.0979814379407642,0.1535377678051173,-0.0263249737769804,0.2225171985696263,2.0190471988200147,-1.2988397980185646,Inner Race
0.276,-0.654,-0.1174869628906249,0.0979185633425914,0.1529403914277655,-0.0531488859067341,0.2811902813908529,1.8046246477037176,-1.3017647887463568,Inner Race
0.298,-0.581,-0.11717421875,0.0976651078134764,0.1525378807972793,-0.0256019926831355,0.2365285531635104,1.953613085762203,-1.3018041206037854,Inner Race
0.344,-0.801,-0.1164966796875,0.0971473694743298,0.1516859484366465,-0.0707590656577423,0.471979070701106,2.267843551399724,-1.302062417946512,Inner Race
0.317,-0.591,-0.1178126464843749,0.0969332128958926,0.1525628022900016,-0.0316699208716367,0.2237084139319027,2.0778328350145605,-1.294961167944185,Inner Race
0.334,-0.591,-0.117216357421875,0.0975212944301929,0.1524782375929533,-0.0644027349725176,0.3821159175416464,2.190476524864002,-1.3008272987375542,Inner Race
0.383,-0.642,-0.117127587890625,0.0968275995923508,0.1519670954374766,-0.0654757653993353,0.1918920994082689,2.520282426254417,-1.297449201970975,Inner Race
0.303,-0.603,-0.116781396484375,0.0973606715359682,0.1520412183589638,-0.0750752713106176,0.2942166667064971,1.9928806363852456,-1.3019301270241834,Inner Race
0.303,-0.793,-0.117363916015625,0.0992633708598959,0.1537108469265934,-0.0995637409765679,0.4354177905064942,1.9712336901292435,-1.3096942582090514,Inner Race
0.322,-0.757,-0.1175205078125,0.0975325541570726,0.1527193648314818,-0.065389894070974,0.3343770520337941,2.108442504035496,-1.2995124653063992,Inner Race
0.332,-0.728,-0.1173388671875,0.09762470061471,0.1526385487434285,-0.0494810091732414,0.200765923935533,2.175073090861613,-1.3008353702573403,Inner Race
0.303,-0.615,-0.117924072265625,0.0977995777430942,0.1532004477711002,-0.070043582433761,0.22741282709414,1.9778010078189725,-1.2991448211355434,Inner Race
0.303,-0.635,-0.1176398925781249,0.0971403969115455,0.1525612673099012,-0.0462087978575299,0.2072062451267031,1.9860873296530053,-1.296849767255481,Inner Race
0.396,-0.693,-0.1170888183593749,0.0980085353606283,0.1526924862634966,-0.0765744296364845,0.4449568926459282,2.5934478486166967,-1.3040740217810134,Inner Race
0.281,-0.686,-0.1171736328125,0.096407801604696,0.1517355284877894,-0.0590685815943142,0.1618530442406625,1.8519064242927976,-1.2949630803936496,Inner Race
0.271,-0.771,-0.11772119140625,0.0976429241266864,0.1529442839857255,-0.0868416306235238,0.2900691005424778,1.7718870750690678,-1.299207748058906,Inner Race
0.232,-0.693,-0.1174767578125,0.0964140410658637,0.151973688679262,-0.0619466398842966,0.3252941176280362,1.5265800416915078,-1.2936489864814045,Inner Race
0.251,-0.764,-0.117493994140625,0.0964501176244435,0.1520098997405781,-0.0433272198591326,0.1319704228285152,1.6512082464915738,-1.2937674036227087,Inner Race
0.291,-0.642,-0.11812470703125,0.0966098935499219,0.1525990242663145,-0.0342403507128969,0.2273822873910504,1.906958457952845,-1.2918467956576123,Inner Race
0.315,-0.632,-0.1170875,0.0976467115542417,0.1524594941723251,-0.0473200839237675,0.2822012593309067,2.0661225574050186,-1.302098807919933,Inner Race
0.293,-0.806,-0.11803486328125,0.0954898180039613,0.1518225578183294,-0.0718571137274872,0.3894451494326376,1.929884492860429,-1.286251820841874,Inner Race
0.347,-0.71,-0.117033935546875,0.0956125372730632,0.1511233038896239,-0.0595911830852194,0.3378647915716812,2.296138259744762,-1.2912776382632651,Inner Race
0.278,-0.574,-0.117607763671875,0.096295318813992,0.1519997425277938,-0.0378040857857462,0.195459546474559,1.8289504664731024,-1.2924294942965864,Inner Race
0.381,-0.833,-0.11670869140625,0.0978040960083075,0.1522698025658321,-0.089659062982585,0.5405020646518031,2.502137610871853,-1.304699767695945,Inner Race
0.273,-0.681,-0.1168279296875,0.0969547871672016,0.1518174460135017,-0.0701057383584179,0.2653607510899354,1.7982123080618884,-1.2994961600329156,Inner Race
0.322,-0.745,-0.1178703125,0.0979231194789199,0.153237983827444,-0.0630972396453989,0.2923067504719734,2.101306686223391,-1.30005580351239,Inner Race
0.3,-0.598,-0.1169186523437499,0.0965969304115309,0.151659100014432,-0.0493173247206599,0.2156216684635659,1.9781206664911744,-1.297133493880364,Inner Race
0.432,-0.771,-0.117719091796875,0.0965335514004285,0.1522368421359154,-0.0547150499064007,0.4369595654705827,2.837683664078601,-1.2932213442370162,Inner Race
0.359,-0.63,-0.116509716796875,0.096142308211381,0.1510543154006924,-0.0389524979704046,0.2213569605410015,2.3766285593874152,-1.296495430196977,Inner Race
0.371,-0.774,-0.117635595703125,0.095899177021814,0.1517706706666652,-0.068505704192657,0.4080370281896632,2.444477568494306,-1.2901764109707607,Inner Race
0.386,-0.696,-0.117619384765625,0.097739134587013,0.1529274064724522,-0.055964440379288,0.397190513036842,2.5240734077938645,-1.3001887977664903,Inner Race
0.278,-0.75,-0.1171400390624999,0.0964794203298981,0.1517551079633524,-0.105987200894441,0.289015606412093,1.8318987988670183,-1.2955015994350454,Inner Race
0.349,-0.713,-0.117346875,0.096191410888332,0.1517320823184322,-0.035235035936047,0.3076264789940266,2.300106837442406,-1.2930219259646432,Inner Race
0.325,-0.725,-0.117517333984375,0.0977364311475381,0.1528472025716675,-0.0753276335733054,0.4729068813254198,2.126306497808573,-1.3006353819428034,Inner Race
0.293,-0.667,-0.117199951171875,0.0962841718057384,0.1516773471120626,-0.0382784800882483,0.1675799506949089,1.93173209829102,-1.2941758558382512,Inner Race
0.293,-0.706,-0.1171744140625,0.0971305498677508,0.1521963415039517,-0.0805008357085923,0.3736502106676456,1.9251448300575105,-1.2988871565662046,Inner Race
0.337,-0.591,-0.11762568359375,0.0971364576529484,0.1525478027665631,-0.0344393906446833,0.2285722545117456,2.20914358573683,-1.2968919551058722,Inner Race
0.354,-0.747,-0.1180474609375,0.0972965767750319,0.1529750458357097,-0.0835665485421847,0.4082513762674682,2.3141029183294672,-1.2958774769133077,Inner Race
0.361,-0.635,-0.1172360839843749,0.0963543518369696,0.1517498177189494,-0.0370580479058017,0.2686480707062331,2.3789155428746254,-1.2943951432152438,Inner Race
0.369,-0.623,-0.1174876953125,0.0969185240180016,0.1523026598431967,-0.0327162446423542,0.2587961661243234,2.422807325754547,-1.2963286022259104,Inner Race
0.312,-0.676,-0.11814892578125,0.096501274651651,0.15254904116689,-0.0781704480451945,0.3653824310590154,2.0452439268934457,-1.291158934862692,Inner Race
0.266,-0.667,-0.1168309570312499,0.0980200241366861,0.1525022246251673,-0.0498083112334343,0.2600839678198556,1.7442368506675685,-1.3053237643544766,Inner Race
0.281,-0.635,-0.117733984375,0.0963814803412202,0.1521519873221962,-0.0548000025644878,0.2117039784652545,1.8468375270377244,-1.2923370268143632,Inner Race
0.334,-0.72,-0.11731181640625,0.0970474767413047,0.1522491876389452,-0.0918623335884894,0.3293800980192918,2.193771968045385,-1.2978163010596249,Inner Race
0.354,-0.652,-0.117692138671875,0.0955880001437897,0.1516181358903326,-0.0598691056529866,0.2556423652846327,2.3348130348736955,-1.2882605210620153,Inner Race
0.33,-0.662,-0.1176428222656249,0.0984123160316823,0.1533764801973704,-0.0424953679481349,0.3151881989233134,2.1515684776136728,-1.303747030575845,Inner Race
0.349,-0.586,-0.116959423828125,0.0969298540962883,0.1519027474331336,-0.0609371404720728,0.2201685829331587,2.2975226314035373,-1.2987644985012814,Inner Race
0.249,-0.605,-0.117585107421875,0.0963046061198963,0.1519880975178957,-0.0680176160218516,0.1899841674977525,1.638286182052392,-1.2925794843439546,Inner Race
0.32,-0.769,-0.117782080078125,0.0969912195305239,0.1525760653342804,-0.0376238559731903,0.3793927013364926,2.0973145381545177,-1.2954098385176809,Inner Race
0.31,-0.64,-0.117256640625,0.0964587932674718,0.1518320264562536,-0.0965255561997179,0.3609277303617784,2.041729977761433,-1.294869319528176,Inner Race
0.293,-0.742,-0.117980615234375,0.097395881220948,0.152986666309059,-0.0811373540278159,0.3234029253354618,1.915199586139685,-1.2967101926459914,Inner Race
0.295,-0.625,-0.1177877441406249,0.0964304348596136,0.1522245952288201,-0.025134971397443,0.2925721647912609,1.9379259938682285,-1.2923636184685012,Inner Race
0.334,-0.613,-0.1176435546875,0.0982964957745576,0.1533027568372671,-0.0618867647652724,0.217431589833478,2.178695327407226,-1.303112246518644,Inner Race
0.356,-0.608,-0.1180526367187499,0.0974725347315056,0.1530910061118671,-0.0390929684737861,0.2496328550502595,2.325414203234529,-1.2968029377996273,Inner Race
0.273,-0.544,-0.117147509765625,0.0970263524040903,0.1521091464430743,-0.0644213948352707,0.0995816602764558,1.7947638678136175,-1.298441142687509,Inner Race
0.354,-0.854,-0.11741845703125,0.0973454795105245,0.1525213877804314,-0.0861224012029798,0.5447778743168095,2.3209859623728013,-1.2989558169704027,Inner Race
0.339,-0.742,-0.1167019042968749,0.0979975701850936,0.1523889408934934,-0.075724907279279,0.3033222046830355,2.2245708777314195,-1.30579652330124,Inner Race
0.269,-0.618,-0.11769482421875,0.0971825880759323,0.1526304881665807,-0.0726539950116551,0.2199446922209444,1.7624263882744953,-1.2968326277704327,Inner Race
0.273,-0.85,-0.1173838378906249,0.0971993866753994,0.1524015251023283,-0.0704949224244966,0.3200558767111521,1.7913206565137527,-1.2983177909409631,Inner Race
0.281,-0.625,-0.118069287109375,0.0968555710565441,0.1527118205853246,-0.062879299579453,0.2323055221995069,1.840067120691532,-1.2934085088856178,Inner Race
0.315,-0.603,-0.1187067871093749,0.0980143352543738,0.1539403850153424,-0.0642241225137351,0.2925968196463091,2.0462466685958045,-1.2968119916639953,Inner Race
0.293,-0.564,-0.11785478515625,0.0974991031124018,0.1529554226829667,-0.059920800679601,0.2163607886763321,1.9155907967205976,-1.2978295491369385,Inner Race
0.31,-0.637,-0.1167390624999999,0.0965888963124841,0.1515155703761374,-0.0647046843187115,0.2915110376152503,2.045994343884427,-1.2978994959475318,Inner Race
0.356,-0.676,-0.117431201171875,0.0965771449774797,0.152042022196733,-0.0446270616252545,0.1924403876362239,2.341457939433072,-1.2947327514277989,Inner Race
0.3,-0.62,-0.11738916015625,0.0991904997057396,0.1536830821726768,-0.0580909639189985,0.2305263383516194,1.952069126664982,-1.3091760940117307,Inner Race
0.454,-0.681,-0.11779267578125,0.0955053563652643,0.1516441300792747,-0.0464845751936869,0.2253906860670094,2.993851458428778,-1.2873816565716656,Inner Race
0.332,-0.691,-0.117708984375,0.0965108113791704,0.1522146080836609,-0.0538226510840792,0.2905018090443843,2.181130997739222,-1.2931435004037763,Inner Race
0.288,-0.635,-0.1171787109374999,0.0962516868524034,0.151640315075675,-0.1006051929793269,0.231382581481955,1.8992310841366664,-1.2940944123933564,Inner Race
0.286,-0.732,-0.1175902832031249,0.0979087393923283,0.1530134892120932,-0.0222603702138029,0.1955112219887707,1.8691162555189695,-1.3012426285918397,Inner Race
0.3,-0.522,-0.120065869140625,0.0970438230697977,0.1543789386200498,-0.0157762279269398,0.0933033720431617,1.9432702587646735,-1.2857853753528932,Inner Race
0.312,-0.657,-0.1184735839843749,0.0984541868137861,0.1540413700963863,-0.0542283994749002,0.3299666999802415,2.0254299205776745,-1.3002170181388473,Inner Race
0.269,-0.637,-0.1165132324218749,0.0971219124247527,0.1516823609489477,-0.0377854426226226,0.3245936533795905,1.7734428599152556,-1.301846646909007,Inner Race
0.281,-0.583,-0.118500830078125,0.0967074686272971,0.1529520335286421,-0.0607371042040107,0.1753650415135128,1.837177273928688,-1.2907254187823345,Inner Race
0.273,-0.725,-0.11826455078125,0.0971901362651026,0.1530750317067785,-0.0482170110450623,0.2376298143327115,1.7834391210379932,-1.2943441690309745,Inner Race
0.325,-0.742,-0.1195420410156249,0.0980115656215627,0.1545836262667092,-0.0298070197286428,0.3024153932563096,2.1024218919490525,-1.293131896974254,Inner Race
0.361,-0.698,-0.1185165039062499,0.100493230228838,0.1553851920556017,-0.0467134194697748,0.2683916330995695,2.32325870454131,-1.3110848441708676,Inner Race
0.327,-0.62,-0.1178919921874999,0.0995383153307983,0.1542916532344264,-0.0655749158009808,0.2797621818338296,2.1193628634153354,-1.3087543129225865,Inner Race
0.347,-0.576,-0.1186879394531249,0.0983081037201206,0.1541130699521559,-0.0713730691542206,0.1553909472943058,2.251593587148224,-1.298472874853657,Inner Race
0.369,-0.576,-0.117992919921875,0.098196320739512,0.1535069240536787,-0.0270857208467579,0.1697662640426278,2.4038003645423,-1.300984195961233,Inner Race
0.374,-0.627,-0.11809423828125,0.1001274094635968,0.1548265407313737,-0.0590115513973366,0.2018137956919945,2.4156065118634618,-1.3110422911797197,Inner Race
0.283,-0.591,-0.11784658203125,0.1021558847752572,0.1559587513700537,-0.073025430187398,0.1950990120264477,1.8145823656186304,-1.3234049616194838,Inner Race
0.276,-0.82,-0.11761015625,0.1006354873680918,0.1547874531868216,-0.0732706882482077,0.2362009527212718,1.783090259046256,-1.3161061775804046,Inner Race
0.366,-0.728,-0.117217041015625,0.0986566774699459,0.153207374048675,-0.0469857050637771,0.1389047861715155,2.3889189555831645,-1.3070401088545869,Inner Race
0.291,-0.679,-0.1172654296875,0.0993249349532281,0.1536754436863206,-0.0746119906130174,0.3071456533404366,1.893601170229797,-1.3104923087379583,Inner Race
0.283,-0.791,-0.1177250976562499,0.0993137836035032,0.1540192995338774,-0.0832915637412143,0.2711325561100488,1.8374320676465128,-1.308296213808242,Inner Race
0.393,-0.696,-0.1178689453125,0.099748745895333,0.1544098919956029,-0.0919875088888962,0.2774420617477933,2.545173725082273,-1.3100133507279947,Inner Race
0.288,-0.581,-0.117419287109375,0.0982447991382859,0.1530975448919842,-0.0498755614458381,0.1823085508302959,1.881153614861651,-1.3038534695699115,Inner Race
0.349,-0.54,-0.118584814453125,0.0986867112619572,0.1542755640346297,-0.0107699163669133,0.1800242276457373,2.262185863223687,-1.3009723441074554,Inner Race
0.308,-0.657,-0.11803193359375,0.0986518176112102,0.1538286165241004,-0.0820909254067875,0.2297134537811378,2.0022282391894577,-1.303279645096367,Inner Race
0.266,-0.701,-0.11818642578125,0.0980820995800882,0.1535827456637789,-0.0847271892823783,0.2917982840616098,1.7319653900596574,-1.2994956455324538,Inner Race
0.31,-0.676,-0.117905029296875,0.0997683474092941,0.1544500989207861,-0.056403721938396,0.3247704595121874,2.0071207604664063,-1.3099534416966532,Inner Race
0.269,-0.667,-0.1177641113281249,0.0998778465367134,0.1544133512901025,-0.0567174937825652,0.1786746561679941,1.74207733821293,-1.311208903533116,Inner Race
0.276,-0.725,-0.1178676269531249,0.0985775907117347,0.1536549523600382,-0.0967208896536912,0.4380941775010445,1.796232374946742,-1.3036230246761955,Inner Race
0.344,-0.701,-0.11745703125,0.1009624803671725,0.1548840821590456,-0.0758405718492269,0.3802215978176244,2.2210158410388297,-1.3186446184680465,Inner Race
0.32,-0.635,-0.1171826171875,0.0989179771330454,0.1533494512517692,-0.0756519471999117,0.1854745836105054,2.08673717048145,-1.3086365105363698,Inner Race
0.388,-0.869,-0.1175329589843749,0.1000386149753685,0.1543412850645951,-0.0481571895961611,0.5207937303453161,2.5139093524951126,-1.3131745035459672,Inner Race
0.33,-0.688,-0.11810087890625,0.1008024490102312,0.1552689768620288,-0.0321864874874505,0.2172775782841549,2.125344074967636,-1.3147148293899094,Inner Race
0.286,-0.569,-0.1172179687499999,0.0991857368300603,0.1535492827289092,-0.0486709439099913,0.1108580132582259,1.8625941776942847,-1.3099466264971362,Inner Race
0.256,-0.581,-0.117826513671875,0.1002334290542309,0.1546911020729598,-0.0606873639408111,0.1759487421460783,1.654910958480715,-1.3128717574021234,Inner Race
0.31,-0.627,-0.1169515625,0.0997033771431083,0.1536813130998487,-0.0631718375400161,0.2298337459922397,2.0171613174504106,-1.3140595116020684,Inner Race
0.315,-0.598,-0.1175968261718749,0.1004173934755941,0.1546356170882556,-0.0348967831154084,0.1789989058471341,2.037046871421732,-1.3149642054305632,Inner Race
0.308,-0.718,-0.1171412597656249,0.1019739902093071,0.1553069916968385,-0.0649903497045299,0.2351292991172018,1.983168926491219,-1.325809471466972,Inner Race
0.308,-0.771,-0.1178256347656249,0.1009131021684238,0.1551316768368186,-0.0402851514211979,0.1961612012928482,1.9854101127520327,-1.316620760375292,Inner Race
0.332,-0.623,-0.1180333496093749,0.1009407268380668,0.155307451345257,-0.0705939757423824,0.2062505731456632,2.137695243365663,-1.3157929674896005,Inner Race
0.305,-0.696,-0.11791787109375,0.1002679343951178,0.1547830484576516,-0.0583119946894158,0.2385679920232908,1.970500019473692,-1.3126343532321083,Inner Race
0.269,-0.564,-0.116704638671875,0.0993926127402026,0.1532918190482107,-0.0854741581903888,0.1620011540677426,1.7548229362155243,-1.3135023662530134,Inner Race
0.286,-0.652,-0.1178927734375,0.100988956819088,0.1552320116516121,-0.0445014752530128,0.1833935164979654,1.8424034898283157,-1.316722027359101,Inner Race
0.322,-0.835,-0.118376904296875,0.1011579308930073,0.1557097260893748,-0.0668438463734187,0.3793930280040478,2.067950461971639,-1.3153725130273182,Inner Race
0.325,-0.574,-0.11688017578125,0.097345639559537,0.1521074828143737,-0.0399063516475998,0.1936892747669825,2.1366470208215715,-1.3013967663691253,Inner Race
